{
  "inputs": {
    "bets_csv": "C:\\TRUEX\\data\\bets.csv",
    "contract_json": "C:\\TRUEX\\engines\\phase2_contracts.json",
    "n_bets_total": 4,
    "n_bets_graded": 3,
    "n_bets_ungraded_skipped": 1
  },
  "outputs": {
    "dir": "C:\\TRUEX\\output\\phase2",
    "files": [
      "bet_metrics.csv",
      "agg_splits.csv",
      "risk_stats.csv",
      "equity_curve_points.csv",
      "leakage_report.csv",
      "RUN_RECEIPT_PHASE2.json"
    ]
  },
  "phase": "PHASE2_CORE_ENGINES",
  "ran_utc": "2026-01-22T20:14:17.058107+00:00",
  "version": "FULL_SWAP_v1_SKIP_UNGRADED_COMPAT_ARGS_NO_GROUPBY_APPLY"
}