{
  "argv": [
    "C:\\TRUEX\\engines\\build_presentation_index_v1.py",
    "--presentation_out",
    "C:\\TRUEX\\presentation_out",
    "--max_runs",
    "50",
    "--run_dir",
    "C:\\TRUEX\\presentation_out\\runs\\20260122_121417"
  ],
  "builder_path": "C:\\trueX\\engines\\build_presentation_index_v1.py",
  "built_utc": "2026-01-22T20:14:17Z",
  "index_path": "C:\\trueX\\presentation_out\\index.html",
  "index_sha256": "961B0BF9857DC7069CAED5ADBA81FC329F36EF672CD839254BD19CE9B19F1598",
  "kind": "TRUEX_PHASE3_INDEX_RECEIPT",
  "latest_run_dirname": "20260122_121417",
  "max_runs": 50,
  "n_runs_found": 27,
  "presentation_out": "C:\\trueX\\presentation_out",
  "previous_run_dirname": "20260122_121034",
  "run_dir": "C:\\trueX\\presentation_out\\runs\\20260122_121417"
}