{
  "phase": "PHASE3_PRESENTATION",
  "renderer": "phase3_renderer_v1",
  "created_utc": "2026-01-22T20:14:17.413955+00:00",
  "phase2_dir": "C:\\trueX\\output\\phase2",
  "out_dir": "C:\\trueX\\presentation_out\\runs\\20260122_121417",
  "status": "PASS",
  "outputs": [
    "tables/risk_snapshot.csv",
    "tables/leakage_worst_roi.csv",
    "tables/leakage_worst_clv.csv",
    "tables/leakage_divergence_flags.csv",
    "tables/splits_top_roi.csv",
    "tables/splits_bottom_roi.csv",
    "tables/splits_bottom_clv.csv",
    "charts/equity_curve.png",
    "charts/drawdown_curve.png",
    "charts/clv_line_over_time.png",
    "charts/clv_odds_over_time.png",
    "charts/clv_vs_roi_scatter.png",
    "report.html"
  ],
  "skips": {
    "line_clv_skipped": 0,
    "line_clv_valid_n": 3,
    "odds_clv_skipped": 0,
    "odds_clv_valid_n": 3,
    "odds_clv_all_missing": false
  }
}